{
  "success": true,
  "terms": "https://coinlayer.com/terms",
  "privacy": "https://coinlayer.com/privacy",
  "timestamp": 1677004866,
  "target": "USD",
  "rates": {
      "611": 0.389165,
      "ABC": 59.99,
      "ACP": 0.014931,
      "ACT": 0.00107,
      "ACT*": 0.017178,
      "ADA": 0.395441,
      "ADCN": 0.00013,
      "ADL": 0.01515,
      "ADX": 0.20294,
      "ADZ": 0.0023,
      "AE": 0.07566,
      "AGI": 0,
      "AIB": 0.005626,
      "AIDOC": 0.00001179621286,
      "AION": 0.03786,
      "AIR": 0.01035,
      "ALT": 0.565615,
      "AMB": 0.019002,
      "AMM": 0.005224,
      "ANT": 2.74615,
      "APC": 0.0017,
      "APPC": 0.001436,
      "ARC": 0.0169,
      "ARCT": 0.00061,
      "ARDR": 0.098969,
      "ARK": 0.81829,
      "ARN": 0.001236,
      "ASAFE2": 0.4,
      "AST": 0.1174,
      "ATB": 0.017,
      "ATM": 3.40815,
      "AURS": 0.352867,
      "AVT": 1.28,
      "BAR": 4.221,
      "BASH": 0.0056,
      "BAT": 0.310016,
      "BAY": 0.0644,
      "BBP": 0.0005,
      "BCD": 0.216785,
      "BCH": 146.554571,
      "BCN": 0.000038471,
      "BCPT": 0.002878,
      "BEE": 0.000001,
      "BIO": 0.0008,
      "BLC": 0.072132,
      "BLOCK": 0.18,
      "BLU": 0.00054,
      "BLZ": 0.12156,
      "BMC": 0.001556,
      "BNB": 316.109623,
      "BNT": 0.501737,
      "BOST": 0.048,
      "BQ": 0.00007775,
      "BQX": 2.720931,
      "BRD": 0.00626,
      "BRIT": 0.03,
      "BT1": 0,
      "BT2": 0,
      "BTC": 24474.860289,
      "BTCA": 0.00036,
      "BTCS": 0.01201,
      "BTCZ": 0.000131,
      "BTG": 19.178407,
      "BTLC": 9,
      "BTM": 0.078282,
      "BTM*": 0.122609,
      "BTQ": 0.01,
      "BTS": 0.01161,
      "BTX": 0.27,
      "BURST": 0.017348,
      "CALC": 0.0006,
      "CAS": 0.007,
      "CAT": 0.082179,
      "CCRB": 0.08888,
      "CDT": 0.020888,
      "CESC": 0.0037,
      "CHAT": 0.01187,
      "CJ": 0.000898,
      "CL": 0.028,
      "CLD": 0.02,
      "CLOAK": 10,
      "CMT*": 0.03954,
      "CND": 0.001331,
      "CNX": 1.996594,
      "CPC": 0.0005,
      "CRAVE": 0.4,
      "CRC": 0.08475,
      "CRE": 1.316485,
      "CRW": 0.02202,
      "CTO": 0.005,
      "CTR": 0.001701,
      "CVC": 0.122247,
      "DAS": 0.937816,
      "DASH": 70.813233,
      "DAT": 0.00003488728,
      "DATA": 0,
      "DBC": 0.00679,
      "DBET": 0.027656,
      "DCN": 0.0000022002,
      "DCR": 25.414067,
      "DCT": 0.00039,
      "DEEP": 0.001,
      "DENT": 0.001285,
      "DGB": 0.012295,
      "DGD": 257.305962,
      "DIM": 0.000094957,
      "DIME": 0.00003,
      "DMD": 0.58782,
      "DNT": 0.0412,
      "DOGE": 0.086496,
      "DRGN": 0.01325,
      "DRZ": 3,
      "DSH": 252.13175,
      "DTA": 0.00005821,
      "EC": 50,
      "EDG": 0.011863,
      "EDO": 0.22343,
      "EDR": 0.00023,
      "EKO": 0.00002012,
      "ELA": 1.241,
      "ELF": 0.248431,
      "EMC": 0.01468,
      "EMGO": 0.43382,
      "ENG": 0.002835,
      "ENJ": 0.503833,
      "EOS": 1.22485,
      "ERT": 0.2054,
      "ETC": 23.12525,
      "ETH": 1674.235,
      "ETN": 0.0028,
      "ETP": 0.025877,
      "ETT": 2.9,
      "EVR": 0.104931,
      "EVX": 0.016465,
      "FCT": 0.09659,
      "FLP": 0.006999,
      "FOTA": 0.0275,
      "FRST": 0.78001,
      "FUEL": 22,
      "FUN": 0.006677,
      "FUNC": 0.00061,
      "FUTC": 0.004,
      "GAME": 0.16611,
      "GAS": 3.8972,
      "GBYTE": 16.226946,
      "GMX": 78.2095,
      "GNO": 106.526667,
      "GNT": 0.27251,
      "GNX": 0.003,
      "GRC": 0.0067,
      "GRS": 10,
      "GRWI": 10000,
      "GTC": 2.259867,
      "GTO": 0.026428,
      "GUP": 0.000447,
      "GVT": 0.100072,
      "GXS": 1.01599,
      "HAC": 0.000473,
      "HNC": 0,
      "HSR": 9.027514,
      "HST": 0.0027,
      "HVN": 0.03529,
      "ICN": 0.1452,
      "ICOS": 17,
      "ICX": 0.253941,
      "IGNIS": 0.00894,
      "ILC": 0.098703,
      "INK": 0.000447,
      "INS": 0.134752,
      "INSN": 0.0473,
      "INT": 0.00264,
      "IOP": 15.455555,
      "IOST": 0.012877,
      "ITC": 0.000124,
      "KCS": 8.7,
      "KICK": 0.000324,
      "KIN": 0.0000052545,
      "KLC": 0.000703,
      "KMD": 0.313045,
      "KNC": 0.878947,
      "KRB": 6,
      "LA": 0.03739,
      "LEND": 0.803415,
      "LEO": 3.19016,
      "LINDA": 0.000271,
      "LINK": 7.751298,
      "LOC": 0.610021,
      "LOG": 0.060174,
      "LRC": 0.416033,
      "LSK": 1.246857,
      "LTC": 93.982725,
      "LUN": 0.02115,
      "LUX": 0.00000209,
      "MAID": 0.135175,
      "MANA": 0.71164,
      "MCAP": 0.005398,
      "MCO": 3.39,
      "MDA": 0.05528,
      "MDS": 0.000148,
      "MIOTA": 0.25777,
      "MKR": 772.766,
      "MLN": 26.108,
      "MNX": 0.028649,
      "MOD": 0.2657,
      "MOIN": 0.033073,
      "MONA": 0.621,
      "MTL": 1.44,
      "MTN*": 0.009575,
      "MTX": 0.000746,
      "NAS": 0.03425,
      "NAV": 0.07,
      "NBT": 0.00393,
      "NDC": 0.008989,
      "NEBL": 1.617,
      "NEO": 13.73298,
      "NEU": 0.024194,
      "NEWB": 0.002604,
      "NGC": 0.047805,
      "NKC": 0.001277,
      "NLC2": 0.599935,
      "NMC": 5.867998,
      "NMR": 21.121667,
      "NULS": 0.2799,
      "NVC": 10,
      "NXT": 0.004016,
      "OAX": 0.268788,
      "OBITS": 0.015,
      "OC": 0.000388,
      "OCN": 0.0000593,
      "ODN": 0.5,
      "OK": 0.010684,
      "OMG": 1.856081,
      "OMNI": 1.21,
      "ORE": 0,
      "ORME": 1.235715,
      "OST": 0.000427,
      "OTN": 0,
      "OTX": 0.023,
      "OXY": 0.0223,
      "PART": 3.951477,
      "PAY": 0.01811,
      "PBT": 20.899487,
      "PCS": 0.019961,
      "PIVX": 0.425645,
      "PIZZA": 0.001,
      "PLBT": 20,
      "PLR": 0.005361,
      "POE": 0.00002180446,
      "POLY": 0.22295,
      "POSW": 0.48712,
      "POWR": 0.2068,
      "PPC": 0.4899,
      "PPT": 0.0896,
      "PPY": 5.45,
      "PRC": 0.00003,
      "PRES": 0.219998,
      "PRG": 0.208,
      "PRL": 0.061361,
      "PRO": 0.4921,
      "PURA": 0.25,
      "PUT": 0,
      "QASH": 0.02073,
      "QAU": 0,
      "QSP": 0.01653,
      "QTUM": 3.662365,
      "QUN": 0.008318,
      "R": 0.01052,
      "RBIES": 1,
      "RCN": 0.0018,
      "RDD": 0.000243,
      "RDN": 0,
      "RDN*": 0.324446,
      "REBL": 0.001617,
      "REE": 0.00001,
      "REP": 10.388,
      "REQ": 0.1251,
      "REV": 0.000584,
      "RGC": 0.001,
      "RHOC": 0.178417,
      "RIYA": 0.090025,
      "RKC": 5,
      "RLC": 2.068,
      "RPX": 0.061017,
      "RUFF": 0.000352,
      "SALT": 0.768708,
      "SAN": 0.044993,
      "SBC": 7,
      "SC": 0.004596,
      "SENT": 0.0008,
      "SHIFT": 0,
      "SIB": 5.177,
      "SMART": 0.000532,
      "SMLY": 0.00006,
      "SMT*": 0.011226,
      "SNC": 0.029087,
      "SNGLS": 0.000402,
      "SNM": 0.956126,
      "SNT": 0.030944,
      "SPK": 0.0084,
      "SRN": 0.001744,
      "STEEM": 0.23811,
      "STK": 0.307261,
      "STORJ": 0.455047,
      "STRAT": 0.032565,
      "STU": 0.00019,
      "STX": 0.6307,
      "SUB": 0.00071,
      "SUR": 0.01,
      "SWFTC": 0.001421,
      "SYS": 0.1943,
      "TAAS": 10,
      "TESLA": 0.019139,
      "THC": 0.00218,
      "THETA": 1.243857,
      "THS": 0.00171,
      "TIO": 0.085,
      "TKN": 0,
      "TKY": 0.000171,
      "TNB": 0.000512,
      "TNT": 0.004,
      "TOA": 0.002397,
      "TRC": 6.2,
      "TRIG": 0.43173,
      "TRST": 0.04799,
      "TRUMP": 0.055,
      "TRX": 0.07017,
      "UBQ": 0.031399,
      "UNO": 13.4,
      "UNRC": 0.00006,
      "UQC": 8,
      "USDT": 1.003335,
      "UTK": 0.129084,
      "UTT": 0.043336,
      "VEE": 0,
      "VEN": 3.037083,
      "VERI": 23.736235,
      "VIA": 0.052549,
      "VIB": 0.081804,
      "VIBE": 0.002617,
      "VOISE": 0.00018,
      "VOX": 0.383083,
      "VRS": 0.1375,
      "VTC": 0.16397,
      "VUC": 0.000099,
      "WABI": 0.1439,
      "WAVES": 2.83869,
      "WAX": 0.07719,
      "WC": 0.045,
      "WGR": 0.006117,
      "WINGS": 0.002617,
      "WLK": 0.0058,
      "WOP": 0.046453,
      "WPR": 0.005887,
      "WRC": 0.000372,
      "WTC": 0.27508,
      "XAUR": 0.10301,
      "XBP": 0.0027,
      "XBY": 0.2889,
      "XCP": 2.783787,
      "XCXT": 0.095658,
      "XDN": 0.000060165,
      "XEM": 0.046029,
      "XGB": 0.0015,
      "XHI": 0.001325,
      "XID": 0.010924,
      "XLM": 0.095409,
      "XMR": 159.97018,
      "XNC": 0.00018,
      "XRB": 19.557821,
      "XRP": 0.392425,
      "XTO": 0.324858,
      "XTZ": 1.228357,
      "XUC": 0.0035,
      "XVG": 0.003579,
      "XZC": 4.96985,
      "YEE": 0.000214,
      "YOC": 0.00012,
      "YOYOW": 0.0019,
      "ZBC": 0.0171,
      "ZCL": 0.277551,
      "ZEC": 48.6842,
      "ZEN": 13.71866,
      "ZIL": 0.035091,
      "ZNY": 0.02,
      "ZRX": 0.267963,
      "ZSC": 0.00007939
  }
}